ID,Type,SKU,Name,Published,Is featured?,Visibility in catalog,Short description,Description,Tax status,In stock?,Stock,Backorders allowed?,Sold individually?,Allow customer reviews?,Regular price,Categories,Tags,Images,Parent,Position,Attribute 1 name,Attribute 1 value(s),Attribute 1 visible,Attribute 1 global,Attribute 2 name,Attribute 2 value(s),Attribute 2 visible,Attribute 2 global,Attribute 3 name,Attribute 3 value(s),Attribute 3 visible,Attribute 3 global,Meta: _oneam_label,Meta: _oneam_soon,Meta: _oneam_c1,Meta: _oneam_c2
,variable,1AM-SLIM,Slim HYBRID,1,1,visible,"Slim disposable with a crystal-clear body. 2ml e-liquid, 15 flavours.",Slim HYBRID by 1AM. A slim disposable with a clear crystal body and a gradient colour core for each flavour. Wholesale only — available to approved Canadian retailers.,taxable,1,,,,0,,Disposables,,https://raw.githubusercontent.com/ssaksoo984-creator/1AM/gh-pages/assets/img/flavors/grape-ice.webp,,,Flavour,"Grape Ice, Blue Razz Ice, Watermelon Ice, Lemon Lime Ice, Raspberry Dragonfruit Ice, Miami Mint, Double Mint, Classic Ice, Red Classic Ice, Milky Ice, Cheesy Strawberry, Juicy Peach Ice, Guava Ice, Banana Ice, Double Birch Ice",1,0,E-liquid,2ml,1,0,Type,Disposable,1,0,2ml Disposable,no,#8A3FFC,#16C75A
,variation,1AM-SLIM-GRAPE-ICE,Slim HYBRID - Grape Ice,1,,visible,,Purple grape with a cool finish.,taxable,1,,,,,10.00,,,https://raw.githubusercontent.com/ssaksoo984-creator/1AM/gh-pages/assets/img/flavors/grape-ice.webp,1AM-SLIM,1,Flavour,Grape Ice,,0,,,,,,,,,,,,
,variation,1AM-SLIM-BLUE-RAZZ-ICE,Slim HYBRID - Blue Razz Ice,1,,visible,,"Blue raspberry, lightly cooled.",taxable,1,,,,,10.00,,,https://raw.githubusercontent.com/ssaksoo984-creator/1AM/gh-pages/assets/img/flavors/blue-razz-ice.webp,1AM-SLIM,2,Flavour,Blue Razz Ice,,0,,,,,,,,,,,,
,variation,1AM-SLIM-WATERMELON-ICE,Slim HYBRID - Watermelon Ice,1,,visible,,Ripe watermelon with a cool finish.,taxable,1,,,,,10.00,,,https://raw.githubusercontent.com/ssaksoo984-creator/1AM/gh-pages/assets/img/flavors/watermelon-ice.webp,1AM-SLIM,3,Flavour,Watermelon Ice,,0,,,,,,,,,,,,
,variation,1AM-SLIM-LEMON-LIME-ICE,Slim HYBRID - Lemon Lime Ice,1,,visible,,"Lemon and lime, bright and crisp.",taxable,1,,,,,10.00,,,https://raw.githubusercontent.com/ssaksoo984-creator/1AM/gh-pages/assets/img/flavors/lemon-lime-ice.webp,1AM-SLIM,4,Flavour,Lemon Lime Ice,,0,,,,,,,,,,,,
,variation,1AM-SLIM-RASPBERRY-DRAGONFRUIT-ICE,Slim HYBRID - Raspberry Dragonfruit Ice,1,,visible,,"Raspberry and dragonfruit, lightly cooled.",taxable,1,,,,,10.00,,,https://raw.githubusercontent.com/ssaksoo984-creator/1AM/gh-pages/assets/img/flavors/raspberry-dragonfruit-ice.webp,1AM-SLIM,5,Flavour,Raspberry Dragonfruit Ice,,0,,,,,,,,,,,,
,variation,1AM-SLIM-MIAMI-MINT,Slim HYBRID - Miami Mint,1,,visible,,"Spearmint with a clean, cool finish.",taxable,1,,,,,10.00,,,https://raw.githubusercontent.com/ssaksoo984-creator/1AM/gh-pages/assets/img/flavors/miami-mint.webp,1AM-SLIM,6,Flavour,Miami Mint,,0,,,,,,,,,,,,
,variation,1AM-SLIM-DOUBLE-MINT,Slim HYBRID - Double Mint,1,,visible,,"Layered mint, extra cool.",taxable,1,,,,,10.00,,,https://raw.githubusercontent.com/ssaksoo984-creator/1AM/gh-pages/assets/img/flavors/double-mint.webp,1AM-SLIM,7,Flavour,Double Mint,,0,,,,,,,,,,,,
,variation,1AM-SLIM-CLASSIC-ICE,Slim HYBRID - Classic Ice,1,,visible,,Clean and cool. The original.,taxable,1,,,,,10.00,,,https://raw.githubusercontent.com/ssaksoo984-creator/1AM/gh-pages/assets/img/flavors/classic-ice.webp,1AM-SLIM,8,Flavour,Classic Ice,,0,,,,,,,,,,,,
,variation,1AM-SLIM-RED-CLASSIC-ICE,Slim HYBRID - Red Classic Ice,1,,visible,,A red-berry take on the classic.,taxable,1,,,,,10.00,,,https://raw.githubusercontent.com/ssaksoo984-creator/1AM/gh-pages/assets/img/flavors/red-classic-ice.webp,1AM-SLIM,9,Flavour,Red Classic Ice,,0,,,,,,,,,,,,
,variation,1AM-SLIM-MILKY-ICE,Slim HYBRID - Milky Ice,1,,visible,,"Smooth milk flavour, lightly cooled.",taxable,1,,,,,10.00,,,https://raw.githubusercontent.com/ssaksoo984-creator/1AM/gh-pages/assets/img/flavors/milky-ice.webp,1AM-SLIM,10,Flavour,Milky Ice,,0,,,,,,,,,,,,
,variation,1AM-SLIM-CHEESY-STRAWBERRY,Slim HYBRID - Cheesy Strawberry,1,,visible,,"Strawberry with a smooth, rich finish.",taxable,1,,,,,10.00,,,https://raw.githubusercontent.com/ssaksoo984-creator/1AM/gh-pages/assets/img/flavors/cheesy-strawberry.webp,1AM-SLIM,11,Flavour,Cheesy Strawberry,,0,,,,,,,,,,,,
,variation,1AM-SLIM-JUICY-PEACH-ICE,Slim HYBRID - Juicy Peach Ice,1,,visible,,"Soft peach, lightly cooled.",taxable,1,,,,,10.00,,,https://raw.githubusercontent.com/ssaksoo984-creator/1AM/gh-pages/assets/img/flavors/juicy-peach-ice.webp,1AM-SLIM,12,Flavour,Juicy Peach Ice,,0,,,,,,,,,,,,
,variation,1AM-SLIM-GUAVA-ICE,Slim HYBRID - Guava Ice,1,,visible,,"Pink guava, cool and smooth.",taxable,1,,,,,10.00,,,https://raw.githubusercontent.com/ssaksoo984-creator/1AM/gh-pages/assets/img/flavors/guava-ice.webp,1AM-SLIM,13,Flavour,Guava Ice,,0,,,,,,,,,,,,
,variation,1AM-SLIM-BANANA-ICE,Slim HYBRID - Banana Ice,1,,visible,,"Ripe banana, lightly cooled.",taxable,1,,,,,10.00,,,https://raw.githubusercontent.com/ssaksoo984-creator/1AM/gh-pages/assets/img/flavors/banana-ice.webp,1AM-SLIM,14,Flavour,Banana Ice,,0,,,,,,,,,,,,
,variation,1AM-SLIM-DOUBLE-BIRCH-ICE,Slim HYBRID - Double Birch Ice,1,,visible,,Birch with a double cool finish.,taxable,1,,,,,10.00,,,https://raw.githubusercontent.com/ssaksoo984-creator/1AM/gh-pages/assets/img/flavors/double-birch-ice.webp,1AM-SLIM,15,Flavour,Double Birch Ice,,0,,,,,,,,,,,,
,simple,1AM-MAX,HYBRID Max,1,,hidden,A larger-capacity line. In development.,,taxable,0,,,,0,,Disposables,,,,,Type,Disposable,1,0,,,,,,,,,Large capacity,yes,#FF2E4D,#FFB321
,simple,1AM-REFILL,HYBRID Refill,1,,hidden,A refillable pod line. In development.,,taxable,0,,,,0,,Refill,,,,,Type,Refill pod,1,0,,,,,,,,,Refillable pod,yes,#1E5BFF,#00C2A8
